{"RuleTriggered": 0, "Violations": 0, "Details": {"pin_memory": false, "num_workers": 0, "cores": 8, "dataloaders": 1, "dataloading_time": {"p25": 0.19643875, "p50": 0.210883, "p95": 0.2278397, "probs": [1, 0, 0, 0, 0, 0, 0, 0, 0, 1, 0, 0, 0, 0, 0, 0, 0, 0, 0, 0, 0, 0, 1, 0, 0, 0, 0, 0, 0, 0, 1, 0, 0, 0, 0, 0, 0, 0, 0, 0, 0, 0, 0, 0, 0, 0, 0, 0, 0, 1, 0, 0, 0, 0, 0, 0, 0, 0, 0, 0, 0, 0, 0, 0, 0, 1, 1, 0, 0, 0, 1, 0, 0, 0, 0, 0, 0, 0, 0, 0, 0, 0, 0, 0, 0, 0, 0, 0, 0, 0, 1, 0, 0, 0, 0, 0, 0, 0, 0, 1], "binedges": [0.185747, 0.18618706999999998, 0.18662714, 0.18706720999999998, 0.18750728, 0.18794734999999999, 0.18838742, 0.18882749, 0.18926756, 0.18970763, 0.1901477, 0.19058777, 0.19102784, 0.19146791, 0.19190798, 0.19234805, 0.19278812, 0.19322819, 0.19366826, 0.19410833, 0.1945484, 0.19498847, 0.19542854, 0.19586861, 0.19630868, 0.19674875, 0.19718882, 0.19762889, 0.19806896, 0.19850903, 0.1989491, 0.19938917, 0.19982924, 0.20026931, 0.20070938, 0.20114945, 0.20158952, 0.20202959, 0.20246966, 0.20290973, 0.2033498, 0.20378987, 0.20422994, 0.20467001, 0.20511008, 0.20555015000000001, 0.20599022, 0.20643029000000002, 0.20687036, 0.20731043, 0.2077505, 0.20819057000000002, 0.20863064, 0.20907071, 0.20951078, 0.20995085, 0.21039092, 0.21083099, 0.21127106, 0.21171113, 0.2121512, 0.21259127, 0.21303134, 0.21347141, 0.21391148000000001, 0.21435155, 0.21479162000000002, 0.21523169, 0.21567176000000002, 0.21611183, 0.21655190000000002, 0.21699197, 0.21743204, 0.21787211, 0.21831218000000002, 0.21875225, 0.21919232, 0.21963239, 0.22007246000000003, 0.22051253, 0.2209526, 0.22139267, 0.22183274000000003, 0.22227281000000002, 0.22271288, 0.22315295000000002, 0.22359302, 0.22403309000000002, 0.22447316, 0.22491323000000002, 0.2253533, 0.22579337000000002, 0.22623344, 0.22667351000000002, 0.22711358, 0.22755365000000002, 0.22799372, 0.22843379000000003, 0.22887386, 0.22931393, 0.229754]}}, "Datapoints": 10, "RuleParameters": "min_threshold:70\nmax_threshold:200"}