{"RuleTriggered": 0, "Violations": 0, "Details": {"step_num": {"first": 1702305690335523, "last": 1702308536207665}, "job_start": 1702305601.501422, "job_end": 1702308539.502001}, "Datapoints": 581, "RuleParameters": "threshold:20"}