{"RuleTriggered": 0, "Violations": 0, "Details": {"ratio": {"cpu_functions": 100.0}, "phase": {"Step:ModeKeys.TRAIN": 86.70563551316282, "others": -6.9691847522442005, "Step:ModeKeys.EVAL": 20.26354923908138}, "phase_time": {}, "CPU": {"aten::conv2d": 18.81690876515148, "aten::convolution": 18.813066619246392, "aten::_convolution": 18.809909823295314, "aten::mkldnn_convolution": 18.80276651249817, "aten::batch_norm": 8.25737102999232, "aten::_batch_norm_impl_index": 8.252915450259945, "aten::native_batch_norm": 8.247061799556382}, "CPU_total": {"aten::conv2d": 35061201, "aten::convolution": 35054042, "aten::_convolution": 35048160, "aten::mkldnn_convolution": 35034850, "aten::batch_norm": 15385808, "aten::_batch_norm_impl_index": 15377506, "aten::native_batch_norm": 15366599}, "general": {"DataLoaderIterInitialize": 3.27847998139953e-05, "DataLoaderIter": 0.06572631539720754, "Forward": 99.93424089980297}}, "Datapoints": 0, "RuleParameters": ""}