{"RuleTriggered": 28, "Violations": 420, "Details": {"step_details": {"algo-1-27": {"step_stats": {"mean": 4.216866295774647, "max": 11.963382, "p99": 9.366587140000021, "p95": 4.29035315, "p50": 4.118914999999999, "min": 1.166845}, "number_of_outliers": 2, "phase": "Step:ModeKeys.EVAL", "stddev": 1.05, "probs": [3, 0, 0, 0, 0, 0, 0, 0, 0, 0, 0, 0, 0, 0, 0, 0, 0, 0, 0, 0, 0, 0, 0, 0, 0, 0, 0, 0, 0, 0, 0, 0, 0, 0, 0, 0, 0, 0, 0, 0, 0, 0, 0, 0, 0, 0, 0, 0, 0, 0, 0, 0, 0, 0, 0, 0, 0, 0, 0, 0, 0, 0, 0, 0, 9, 53, 46, 16, 5, 2, 1, 0, 0, 0, 0, 0, 0, 0, 0, 0, 0, 0, 0, 0, 0, 0, 0, 0, 0, 0, 0, 1, 0, 1, 0, 1, 1, 0, 0, 1], "binedges": [1.166845, 1.2114739099999998, 1.25610282, 1.3007317299999999, 1.34536064, 1.38998955, 1.4346184599999998, 1.47924737, 1.52387628, 1.56850519, 1.6131341, 1.65776301, 1.70239192, 1.7470208299999999, 1.79164974, 1.8362786500000001, 1.88090756, 1.92553647, 1.97016538, 2.01479429, 2.0594232000000003, 2.10405211, 2.14868102, 2.19330993, 2.23793884, 2.28256775, 2.3271966600000003, 2.3718255700000004, 2.41645448, 2.46108339, 2.5057123, 2.55034121, 2.59497012, 2.6395990300000003, 2.6842279400000004, 2.72885685, 2.7734857600000002, 2.81811467, 2.86274358, 2.90737249, 2.9520014000000003, 2.9966303100000005, 3.04125922, 3.0858881300000003, 3.13051704, 3.17514595, 3.2197748600000002, 3.2644037700000004, 3.30903268, 3.35366159, 3.3982905000000003, 3.4429194100000005, 3.48754832, 3.5321772300000003, 3.5768061400000004, 3.6214350500000005, 3.6660639600000002, 3.7106928700000004, 3.7553217800000005, 3.79995069, 3.8445796000000003, 3.8892085100000005, 3.9338374200000006, 3.9784663300000003, 4.02309524, 4.06772415, 4.11235306, 4.15698197, 4.2016108800000005, 4.246239790000001, 4.290868700000001, 4.335497610000001, 4.380126520000001, 4.42475543, 4.46938434, 4.5140132500000005, 4.558642160000001, 4.60327107, 4.64789998, 4.69252889, 4.7371578, 4.78178671, 4.826415620000001, 4.871044530000001, 4.915673440000001, 4.960302350000001, 5.004931260000001, 5.049560170000001, 5.0941890800000005, 5.138817990000001, 5.1834469, 5.22807581, 5.27270472, 5.31733363, 5.36196254, 5.4065914500000005, 5.451220360000001, 5.495849270000001, 5.540478180000001, 5.585107090000001, 5.629736], "step_numbers": ["0", "0"]}}}, "Datapoints": 581, "RuleParameters": "threshold:3\nmode:None\nn_outliers:10\nstddev:3"}